id,title,depth,href
1,Introduction,1.0,http://r4ds.had.co.nz/introduction.html
1.1,What you will learn,2.0,http://r4ds.had.co.nz/introduction.html#what-you-will-learn
1.2,How this book is organised,2.0,http://r4ds.had.co.nz/introduction.html#how-this-book-is-organised
1.3,What you won’t learn,2.0,http://r4ds.had.co.nz/introduction.html#what-you-wont-learn
1.3.1,Big data,3.0,http://r4ds.had.co.nz/introduction.html#big-data
1.3.2,"Python, Julia, and friends",3.0,http://r4ds.had.co.nz/introduction.html#python-julia-and-friends
1.3.3,Non-rectangular data,3.0,http://r4ds.had.co.nz/introduction.html#non-rectangular-data
1.3.4,Hypothesis confirmation,3.0,http://r4ds.had.co.nz/introduction.html#hypothesis-confirmation
1.4,Prerequisites,2.0,http://r4ds.had.co.nz/introduction.html#prerequisites
1.4.1,R,3.0,http://r4ds.had.co.nz/introduction.html#r
1.4.2,RStudio,3.0,http://r4ds.had.co.nz/introduction.html#rstudio
1.4.3,The tidyverse,3.0,http://r4ds.had.co.nz/introduction.html#the-tidyverse
1.4.4,Other packages,3.0,http://r4ds.had.co.nz/introduction.html#other-packages
1.5,Running R code,2.0,http://r4ds.had.co.nz/introduction.html#running-r-code
1.6,Getting help and learning more,2.0,http://r4ds.had.co.nz/introduction.html#getting-help-and-learning-more
1.7,Acknowledgements,2.0,http://r4ds.had.co.nz/introduction.html#acknowledgements
1.8,Colophon,2.0,http://r4ds.had.co.nz/introduction.html#colophon
2,Introduction,1.0,http://r4ds.had.co.nz/explore-intro.html
3,Data visualisation,1.0,http://r4ds.had.co.nz/data-visualisation.html
3.1,Introduction,2.0,http://r4ds.had.co.nz/data-visualisation.html#introduction-1
3.1.1,Prerequisites,3.0,http://r4ds.had.co.nz/data-visualisation.html#prerequisites-1
3.2,First steps,2.0,http://r4ds.had.co.nz/data-visualisation.html#first-steps
3.2.1,The mpg data frame,3.0,http://r4ds.had.co.nz/data-visualisation.html#the-mpg-data-frame
3.2.2,Creating a ggplot,3.0,http://r4ds.had.co.nz/data-visualisation.html#creating-a-ggplot
3.2.3,A graphing template,3.0,http://r4ds.had.co.nz/data-visualisation.html#a-graphing-template
3.2.4,Exercises,3.0,http://r4ds.had.co.nz/data-visualisation.html#exercises
3.3,Aesthetic mappings,2.0,http://r4ds.had.co.nz/data-visualisation.html#aesthetic-mappings
3.3.1,Exercises,3.0,http://r4ds.had.co.nz/data-visualisation.html#exercises-1
3.4,Common problems,2.0,http://r4ds.had.co.nz/data-visualisation.html#common-problems
3.5,Facets,2.0,http://r4ds.had.co.nz/data-visualisation.html#facets
3.5.1,Exercises,3.0,http://r4ds.had.co.nz/data-visualisation.html#exercises-2
3.6,Geometric objects,2.0,http://r4ds.had.co.nz/data-visualisation.html#geometric-objects
3.6.1,Exercises,3.0,http://r4ds.had.co.nz/data-visualisation.html#exercises-3
3.7,Statistical transformations,2.0,http://r4ds.had.co.nz/data-visualisation.html#statistical-transformations
3.7.1,Exercises,3.0,http://r4ds.had.co.nz/data-visualisation.html#exercises-4
3.8,Position adjustments,2.0,http://r4ds.had.co.nz/data-visualisation.html#position-adjustments
3.8.1,Exercises,3.0,http://r4ds.had.co.nz/data-visualisation.html#exercises-5
3.9,Coordinate systems,2.0,http://r4ds.had.co.nz/data-visualisation.html#coordinate-systems
3.9.1,Exercises,3.0,http://r4ds.had.co.nz/data-visualisation.html#exercises-6
3.10,The layered grammar of graphics,2.0,http://r4ds.had.co.nz/data-visualisation.html#the-layered-grammar-of-graphics
4,Workflow: basics,1.0,http://r4ds.had.co.nz/workflow-basics.html
4.1,Coding basics,2.0,http://r4ds.had.co.nz/workflow-basics.html#coding-basics
4.2,What’s in a name?,2.0,http://r4ds.had.co.nz/workflow-basics.html#whats-in-a-name
4.3,Calling functions,2.0,http://r4ds.had.co.nz/workflow-basics.html#calling-functions
4.4,Practice,2.0,http://r4ds.had.co.nz/workflow-basics.html#practice
5,Data transformation,1.0,http://r4ds.had.co.nz/transform.html
5.1,Introduction,2.0,http://r4ds.had.co.nz/transform.html#introduction-2
5.1.1,Prerequisites,3.0,http://r4ds.had.co.nz/transform.html#prerequisites-2
5.1.2,nycflights13,3.0,http://r4ds.had.co.nz/transform.html#nycflights13
5.1.3,dplyr basics,3.0,http://r4ds.had.co.nz/transform.html#dplyr-basics
5.2,Filter rows with filter(),2.0,http://r4ds.had.co.nz/transform.html#filter-rows-with-filter
5.2.1,Comparisons,3.0,http://r4ds.had.co.nz/transform.html#comparisons
5.2.2,Logical operators,3.0,http://r4ds.had.co.nz/transform.html#logical-operators
5.2.3,Missing values,3.0,http://r4ds.had.co.nz/transform.html#missing-values
5.2.4,Exercises,3.0,http://r4ds.had.co.nz/transform.html#exercises-7
5.3,Arrange rows with arrange(),2.0,http://r4ds.had.co.nz/transform.html#arrange-rows-with-arrange
5.3.1,Exercises,3.0,http://r4ds.had.co.nz/transform.html#exercises-8
5.4,Select columns with select(),2.0,http://r4ds.had.co.nz/transform.html#select-columns-with-select
5.4.1,Exercises,3.0,http://r4ds.had.co.nz/transform.html#exercises-9
5.5,Add new variables with mutate(),2.0,http://r4ds.had.co.nz/transform.html#add-new-variables-with-mutate
5.5.1,Useful creation functions,3.0,http://r4ds.had.co.nz/transform.html#mutate-funs
5.5.2,Exercises,3.0,http://r4ds.had.co.nz/transform.html#exercises-10
5.6,Grouped summaries with summarise(),2.0,http://r4ds.had.co.nz/transform.html#grouped-summaries-with-summarise
5.6.1,Combining multiple operations with the pipe,3.0,http://r4ds.had.co.nz/transform.html#combining-multiple-operations-with-the-pipe
5.6.2,Missing values,3.0,http://r4ds.had.co.nz/transform.html#missing-values-1
5.6.3,Counts,3.0,http://r4ds.had.co.nz/transform.html#counts
5.6.4,Useful summary functions,3.0,http://r4ds.had.co.nz/transform.html#summarise-funs
5.6.5,Grouping by multiple variables,3.0,http://r4ds.had.co.nz/transform.html#grouping-by-multiple-variables
5.6.6,Ungrouping,3.0,http://r4ds.had.co.nz/transform.html#ungrouping
5.6.7,Exercises,3.0,http://r4ds.had.co.nz/transform.html#exercises-11
5.7,Grouped mutates (and filters),2.0,http://r4ds.had.co.nz/transform.html#grouped-mutates-and-filters
5.7.1,Exercises,3.0,http://r4ds.had.co.nz/transform.html#exercises-12
6,Workflow: scripts,1.0,http://r4ds.had.co.nz/workflow-scripts.html
6.1,Running code,2.0,http://r4ds.had.co.nz/workflow-scripts.html#running-code
6.2,RStudio diagnostics,2.0,http://r4ds.had.co.nz/workflow-scripts.html#rstudio-diagnostics
6.3,Practice,2.0,http://r4ds.had.co.nz/workflow-scripts.html#practice-1
7,Exploratory Data Analysis,1.0,http://r4ds.had.co.nz/exploratory-data-analysis.html
7.1,Introduction,2.0,http://r4ds.had.co.nz/exploratory-data-analysis.html#introduction-3
7.1.1,Prerequisites,3.0,http://r4ds.had.co.nz/exploratory-data-analysis.html#prerequisites-3
7.2,Questions,2.0,http://r4ds.had.co.nz/exploratory-data-analysis.html#questions
7.3,Variation,2.0,http://r4ds.had.co.nz/exploratory-data-analysis.html#variation
7.3.1,Visualising distributions,3.0,http://r4ds.had.co.nz/exploratory-data-analysis.html#visualising-distributions
7.3.2,Typical values,3.0,http://r4ds.had.co.nz/exploratory-data-analysis.html#typical-values
7.3.3,Unusual values,3.0,http://r4ds.had.co.nz/exploratory-data-analysis.html#unusual-values
7.3.4,Exercises,3.0,http://r4ds.had.co.nz/exploratory-data-analysis.html#exercises-13
7.4,Missing values,2.0,http://r4ds.had.co.nz/exploratory-data-analysis.html#missing-values-2
7.4.1,Exercises,3.0,http://r4ds.had.co.nz/exploratory-data-analysis.html#exercises-14
7.5,Covariation,2.0,http://r4ds.had.co.nz/exploratory-data-analysis.html#covariation
7.5.1,A categorical and continuous variable,3.0,http://r4ds.had.co.nz/exploratory-data-analysis.html#cat-cont
7.5.2,Two categorical variables,3.0,http://r4ds.had.co.nz/exploratory-data-analysis.html#two-categorical-variables
7.5.3,Two continuous variables,3.0,http://r4ds.had.co.nz/exploratory-data-analysis.html#two-continuous-variables
7.6,Patterns and models,2.0,http://r4ds.had.co.nz/exploratory-data-analysis.html#patterns-and-models
7.7,ggplot2 calls,2.0,http://r4ds.had.co.nz/exploratory-data-analysis.html#ggplot2-calls
7.8,Learning more,2.0,http://r4ds.had.co.nz/exploratory-data-analysis.html#learning-more
8,Workflow: projects,1.0,http://r4ds.had.co.nz/workflow-projects.html
8.1,What is real?,2.0,http://r4ds.had.co.nz/workflow-projects.html#what-is-real
8.2,Where does your analysis live?,2.0,http://r4ds.had.co.nz/workflow-projects.html#where-does-your-analysis-live
8.3,Paths and directories,2.0,http://r4ds.had.co.nz/workflow-projects.html#paths-and-directories
8.4,RStudio projects,2.0,http://r4ds.had.co.nz/workflow-projects.html#rstudio-projects
8.5,Summary,2.0,http://r4ds.had.co.nz/workflow-projects.html#summary
9,Introduction,1.0,http://r4ds.had.co.nz/wrangle-intro.html
10,Tibbles,1.0,http://r4ds.had.co.nz/tibbles.html
10.1,Introduction,2.0,http://r4ds.had.co.nz/tibbles.html#introduction-4
10.1.1,Prerequisites,3.0,http://r4ds.had.co.nz/tibbles.html#prerequisites-4
10.2,Creating tibbles,2.0,http://r4ds.had.co.nz/tibbles.html#tibbles
10.3,Tibbles vs. data.frame,2.0,http://r4ds.had.co.nz/tibbles.html#tibbles-vs.data.frame
10.3.1,Printing,3.0,http://r4ds.had.co.nz/tibbles.html#printing
10.3.2,Subsetting,3.0,http://r4ds.had.co.nz/tibbles.html#subsetting
10.4,Interacting with older code,2.0,http://r4ds.had.co.nz/tibbles.html#interacting-with-older-code
10.5,Exercises,2.0,http://r4ds.had.co.nz/tibbles.html#exercises-18
11,Data import,1.0,http://r4ds.had.co.nz/data-import.html
11.1,Introduction,2.0,http://r4ds.had.co.nz/data-import.html#introduction-5
11.1.1,Prerequisites,3.0,http://r4ds.had.co.nz/data-import.html#prerequisites-5
11.2,Getting started,2.0,http://r4ds.had.co.nz/data-import.html#getting-started
11.2.1,Compared to base R,3.0,http://r4ds.had.co.nz/data-import.html#compared-to-base-r
11.2.2,Exercises,3.0,http://r4ds.had.co.nz/data-import.html#exercises-19
11.3,Parsing a vector,2.0,http://r4ds.had.co.nz/data-import.html#parsing-a-vector
11.3.1,Numbers,3.0,http://r4ds.had.co.nz/data-import.html#numbers
11.3.2,Strings,3.0,http://r4ds.had.co.nz/data-import.html#readr-strings
11.3.3,Factors,3.0,http://r4ds.had.co.nz/data-import.html#readr-factors
11.3.4,"Dates, date-times, and times",3.0,http://r4ds.had.co.nz/data-import.html#readr-datetimes
11.3.5,Exercises,3.0,http://r4ds.had.co.nz/data-import.html#exercises-20
11.4,Parsing a file,2.0,http://r4ds.had.co.nz/data-import.html#parsing-a-file
11.4.1,Strategy,3.0,http://r4ds.had.co.nz/data-import.html#strategy
11.4.2,Problems,3.0,http://r4ds.had.co.nz/data-import.html#problems
11.4.3,Other strategies,3.0,http://r4ds.had.co.nz/data-import.html#other-strategies
11.5,Writing to a file,2.0,http://r4ds.had.co.nz/data-import.html#writing-to-a-file
11.6,Other types of data,2.0,http://r4ds.had.co.nz/data-import.html#other-types-of-data
12,Tidy data,1.0,http://r4ds.had.co.nz/tidy-data.html
12.1,Introduction,2.0,http://r4ds.had.co.nz/tidy-data.html#introduction-6
12.1.1,Prerequisites,3.0,http://r4ds.had.co.nz/tidy-data.html#prerequisites-6
12.2,Tidy data,2.0,http://r4ds.had.co.nz/tidy-data.html#tidy-data-1
12.2.1,Exercises,3.0,http://r4ds.had.co.nz/tidy-data.html#exercises-21
12.3,Spreading and gathering,2.0,http://r4ds.had.co.nz/tidy-data.html#spreading-and-gathering
12.3.1,Gathering,3.0,http://r4ds.had.co.nz/tidy-data.html#gathering
12.3.2,Spreading,3.0,http://r4ds.had.co.nz/tidy-data.html#spreading
12.3.3,Exercises,3.0,http://r4ds.had.co.nz/tidy-data.html#exercises-22
12.4,Separating and uniting,2.0,http://r4ds.had.co.nz/tidy-data.html#separating-and-uniting
12.4.1,Separate,3.0,http://r4ds.had.co.nz/tidy-data.html#separate
12.4.2,Unite,3.0,http://r4ds.had.co.nz/tidy-data.html#unite
12.4.3,Exercises,3.0,http://r4ds.had.co.nz/tidy-data.html#exercises-23
12.5,Missing values,2.0,http://r4ds.had.co.nz/tidy-data.html#missing-values-3
12.5.1,Exercises,3.0,http://r4ds.had.co.nz/tidy-data.html#exercises-24
12.6,Case Study,2.0,http://r4ds.had.co.nz/tidy-data.html#case-study
12.6.1,Exercises,3.0,http://r4ds.had.co.nz/tidy-data.html#exercises-25
12.7,Non-tidy data,2.0,http://r4ds.had.co.nz/tidy-data.html#non-tidy-data
13,Relational data,1.0,http://r4ds.had.co.nz/relational-data.html
13.1,Introduction,2.0,http://r4ds.had.co.nz/relational-data.html#introduction-7
13.1.1,Prerequisites,3.0,http://r4ds.had.co.nz/relational-data.html#prerequisites-7
13.2,nycflights13,2.0,http://r4ds.had.co.nz/relational-data.html#nycflights13-relational
13.2.1,Exercises,3.0,http://r4ds.had.co.nz/relational-data.html#exercises-26
13.3,Keys,2.0,http://r4ds.had.co.nz/relational-data.html#keys
13.3.1,Exercises,3.0,http://r4ds.had.co.nz/relational-data.html#exercises-27
13.4,Mutating joins,2.0,http://r4ds.had.co.nz/relational-data.html#mutating-joins
13.4.1,Understanding joins,3.0,http://r4ds.had.co.nz/relational-data.html#understanding-joins
13.4.2,Inner join,3.0,http://r4ds.had.co.nz/relational-data.html#inner-join
13.4.3,Outer joins,3.0,http://r4ds.had.co.nz/relational-data.html#outer-join
13.4.4,Duplicate keys,3.0,http://r4ds.had.co.nz/relational-data.html#join-matches
13.4.5,Defining the key columns,3.0,http://r4ds.had.co.nz/relational-data.html#join-by
13.4.6,Exercises,3.0,http://r4ds.had.co.nz/relational-data.html#exercises-28
13.4.7,Other implementations,3.0,http://r4ds.had.co.nz/relational-data.html#other-implementations
13.5,Filtering joins,2.0,http://r4ds.had.co.nz/relational-data.html#filtering-joins
13.5.1,Exercises,3.0,http://r4ds.had.co.nz/relational-data.html#exercises-29
13.6,Join problems,2.0,http://r4ds.had.co.nz/relational-data.html#join-problems
13.7,Set operations,2.0,http://r4ds.had.co.nz/relational-data.html#set-operations
14,Strings,1.0,http://r4ds.had.co.nz/strings.html
14.1,Introduction,2.0,http://r4ds.had.co.nz/strings.html#introduction-8
14.1.1,Prerequisites,3.0,http://r4ds.had.co.nz/strings.html#prerequisites-8
14.2,String basics,2.0,http://r4ds.had.co.nz/strings.html#string-basics
14.2.1,String length,3.0,http://r4ds.had.co.nz/strings.html#string-length
14.2.2,Combining strings,3.0,http://r4ds.had.co.nz/strings.html#combining-strings
14.2.3,Subsetting strings,3.0,http://r4ds.had.co.nz/strings.html#subsetting-strings
14.2.4,Locales,3.0,http://r4ds.had.co.nz/strings.html#locales
14.2.5,Exercises,3.0,http://r4ds.had.co.nz/strings.html#exercises-30
14.3,Matching patterns with regular expressions,2.0,http://r4ds.had.co.nz/strings.html#matching-patterns-with-regular-expressions
14.3.1,Basic matches,3.0,http://r4ds.had.co.nz/strings.html#basic-matches
14.3.2,Anchors,3.0,http://r4ds.had.co.nz/strings.html#anchors
14.3.3,Character classes and alternatives,3.0,http://r4ds.had.co.nz/strings.html#character-classes-and-alternatives
14.3.4,Repetition,3.0,http://r4ds.had.co.nz/strings.html#repetition
14.3.5,Grouping and backreferences,3.0,http://r4ds.had.co.nz/strings.html#grouping-and-backreferences
14.4,Tools,2.0,http://r4ds.had.co.nz/strings.html#tools
14.4.1,Detect matches,3.0,http://r4ds.had.co.nz/strings.html#detect-matches
14.4.2,Exercises,3.0,http://r4ds.had.co.nz/strings.html#exercises-36
14.4.3,Extract matches,3.0,http://r4ds.had.co.nz/strings.html#extract-matches
14.4.4,Grouped matches,3.0,http://r4ds.had.co.nz/strings.html#grouped-matches
14.4.5,Replacing matches,3.0,http://r4ds.had.co.nz/strings.html#replacing-matches
14.4.6,Splitting,3.0,http://r4ds.had.co.nz/strings.html#splitting
14.4.7,Find matches,3.0,http://r4ds.had.co.nz/strings.html#find-matches
14.5,Other types of pattern,2.0,http://r4ds.had.co.nz/strings.html#other-types-of-pattern
14.5.1,Exercises,3.0,http://r4ds.had.co.nz/strings.html#exercises-41
14.6,Other uses of regular expressions,2.0,http://r4ds.had.co.nz/strings.html#other-uses-of-regular-expressions
14.7,stringi,2.0,http://r4ds.had.co.nz/strings.html#stringi
14.7.1,Exercises,3.0,http://r4ds.had.co.nz/strings.html#exercises-42
15,Factors,1.0,http://r4ds.had.co.nz/factors.html
15.1,Introduction,2.0,http://r4ds.had.co.nz/factors.html#introduction-9
15.1.1,Prerequisites,3.0,http://r4ds.had.co.nz/factors.html#prerequisites-9
15.2,Creating factors,2.0,http://r4ds.had.co.nz/factors.html#creating-factors
15.3,General Social Survey,2.0,http://r4ds.had.co.nz/factors.html#general-social-survey
15.3.1,Exercise,3.0,http://r4ds.had.co.nz/factors.html#exercise
15.4,Modifying factor order,2.0,http://r4ds.had.co.nz/factors.html#modifying-factor-order
15.4.1,Exercises,3.0,http://r4ds.had.co.nz/factors.html#exercises-43
15.5,Modifying factor levels,2.0,http://r4ds.had.co.nz/factors.html#modifying-factor-levels
15.5.1,Exercises,3.0,http://r4ds.had.co.nz/factors.html#exercises-44
16,Dates and times,1.0,http://r4ds.had.co.nz/dates-and-times.html
16.1,Introduction,2.0,http://r4ds.had.co.nz/dates-and-times.html#introduction-10
16.1.1,Prerequisites,3.0,http://r4ds.had.co.nz/dates-and-times.html#prerequisites-10
16.2,Creating date/times,2.0,http://r4ds.had.co.nz/dates-and-times.html#creating-datetimes
16.2.1,From strings,3.0,http://r4ds.had.co.nz/dates-and-times.html#from-strings
16.2.2,From individual components,3.0,http://r4ds.had.co.nz/dates-and-times.html#from-individual-components
16.2.3,From other types,3.0,http://r4ds.had.co.nz/dates-and-times.html#from-other-types
16.2.4,Exercises,3.0,http://r4ds.had.co.nz/dates-and-times.html#exercises-45
16.3,Date-time components,2.0,http://r4ds.had.co.nz/dates-and-times.html#date-time-components
16.3.1,Getting components,3.0,http://r4ds.had.co.nz/dates-and-times.html#getting-components
16.3.2,Rounding,3.0,http://r4ds.had.co.nz/dates-and-times.html#rounding
16.3.3,Setting components,3.0,http://r4ds.had.co.nz/dates-and-times.html#setting-components
16.3.4,Exercises,3.0,http://r4ds.had.co.nz/dates-and-times.html#exercises-46
16.4,Time spans,2.0,http://r4ds.had.co.nz/dates-and-times.html#time-spans
16.4.1,Durations,3.0,http://r4ds.had.co.nz/dates-and-times.html#durations
16.4.2,Periods,3.0,http://r4ds.had.co.nz/dates-and-times.html#periods
16.4.3,Intervals,3.0,http://r4ds.had.co.nz/dates-and-times.html#intervals
16.4.4,Summary,3.0,http://r4ds.had.co.nz/dates-and-times.html#summary-1
16.4.5,Exercises,3.0,http://r4ds.had.co.nz/dates-and-times.html#exercises-47
16.5,Time zones,2.0,http://r4ds.had.co.nz/dates-and-times.html#time-zones
17,Introduction,1.0,http://r4ds.had.co.nz/program-intro.html
17.1,Learning more,2.0,http://r4ds.had.co.nz/program-intro.html#learning-more-1
18,Pipes,1.0,http://r4ds.had.co.nz/pipes.html
18.1,Introduction,2.0,http://r4ds.had.co.nz/pipes.html#introduction-11
18.1.1,Prerequisites,3.0,http://r4ds.had.co.nz/pipes.html#prerequisites-11
18.2,Piping alternatives,2.0,http://r4ds.had.co.nz/pipes.html#piping-alternatives
18.2.1,Intermediate steps,3.0,http://r4ds.had.co.nz/pipes.html#intermediate-steps
18.2.2,Overwrite the original,3.0,http://r4ds.had.co.nz/pipes.html#overwrite-the-original
18.2.3,Function composition,3.0,http://r4ds.had.co.nz/pipes.html#function-composition
18.2.4,Use the pipe,3.0,http://r4ds.had.co.nz/pipes.html#use-the-pipe
18.3,When not to use the pipe,2.0,http://r4ds.had.co.nz/pipes.html#when-not-to-use-the-pipe
18.4,Other tools from magrittr,2.0,http://r4ds.had.co.nz/pipes.html#other-tools-from-magrittr
19,Functions,1.0,http://r4ds.had.co.nz/functions.html
19.1,Introduction,2.0,http://r4ds.had.co.nz/functions.html#introduction-12
19.1.1,Prerequisites,3.0,http://r4ds.had.co.nz/functions.html#prerequisites-12
19.2,When should you write a function?,2.0,http://r4ds.had.co.nz/functions.html#when-should-you-write-a-function
19.2.1,Practice,3.0,http://r4ds.had.co.nz/functions.html#practice-2
19.3,Functions are for humans and computers,2.0,http://r4ds.had.co.nz/functions.html#functions-are-for-humans-and-computers
19.3.1,Exercises,3.0,http://r4ds.had.co.nz/functions.html#exercises-48
19.4,Conditional execution,2.0,http://r4ds.had.co.nz/functions.html#conditional-execution
19.4.1,Conditions,3.0,http://r4ds.had.co.nz/functions.html#conditions
19.4.2,Multiple conditions,3.0,http://r4ds.had.co.nz/functions.html#multiple-conditions
19.4.3,Code style,3.0,http://r4ds.had.co.nz/functions.html#code-style
19.4.4,Exercises,3.0,http://r4ds.had.co.nz/functions.html#exercises-49
19.5,Function arguments,2.0,http://r4ds.had.co.nz/functions.html#function-arguments
19.5.1,Choosing names,3.0,http://r4ds.had.co.nz/functions.html#choosing-names
19.5.2,Checking values,3.0,http://r4ds.had.co.nz/functions.html#checking-values
19.5.3,Dot-dot-dot (…),3.0,http://r4ds.had.co.nz/functions.html#dot-dot-dot
19.5.4,Lazy evaluation,3.0,http://r4ds.had.co.nz/functions.html#lazy-evaluation
19.5.5,Exercises,3.0,http://r4ds.had.co.nz/functions.html#exercises-50
19.6,Return values,2.0,http://r4ds.had.co.nz/functions.html#return-values
19.6.1,Explicit return statements,3.0,http://r4ds.had.co.nz/functions.html#explicit-return-statements
19.6.2,Writing pipeable functions,3.0,http://r4ds.had.co.nz/functions.html#writing-pipeable-functions
19.7,Environment,2.0,http://r4ds.had.co.nz/functions.html#environment
20,Vectors,1.0,http://r4ds.had.co.nz/vectors.html
20.1,Introduction,2.0,http://r4ds.had.co.nz/vectors.html#introduction-13
20.1.1,Prerequisites,3.0,http://r4ds.had.co.nz/vectors.html#prerequisites-13
20.2,Vector basics,2.0,http://r4ds.had.co.nz/vectors.html#vector-basics
20.3,Important types of atomic vector,2.0,http://r4ds.had.co.nz/vectors.html#important-types-of-atomic-vector
20.3.1,Logical,3.0,http://r4ds.had.co.nz/vectors.html#logical
20.3.2,Numeric,3.0,http://r4ds.had.co.nz/vectors.html#numeric
20.3.3,Character,3.0,http://r4ds.had.co.nz/vectors.html#character
20.3.4,Missing values,3.0,http://r4ds.had.co.nz/vectors.html#missing-values-4
20.3.5,Exercises,3.0,http://r4ds.had.co.nz/vectors.html#exercises-51
20.4,Using atomic vectors,2.0,http://r4ds.had.co.nz/vectors.html#using-atomic-vectors
20.4.1,Coercion,3.0,http://r4ds.had.co.nz/vectors.html#coercion
20.4.2,Test functions,3.0,http://r4ds.had.co.nz/vectors.html#test-functions
20.4.3,Scalars and recycling rules,3.0,http://r4ds.had.co.nz/vectors.html#scalars-and-recycling-rules
20.4.4,Naming vectors,3.0,http://r4ds.had.co.nz/vectors.html#naming-vectors
20.4.5,Subsetting,3.0,http://r4ds.had.co.nz/vectors.html#vector-subsetting
20.4.6,Exercises,3.0,http://r4ds.had.co.nz/vectors.html#exercises-52
20.5,Recursive vectors (lists),2.0,http://r4ds.had.co.nz/vectors.html#lists
20.5.1,Visualising lists,3.0,http://r4ds.had.co.nz/vectors.html#visualising-lists
20.5.2,Subsetting,3.0,http://r4ds.had.co.nz/vectors.html#subsetting-1
20.5.3,Lists of condiments,3.0,http://r4ds.had.co.nz/vectors.html#lists-of-condiments
20.5.4,Exercises,3.0,http://r4ds.had.co.nz/vectors.html#exercises-53
20.6,Attributes,2.0,http://r4ds.had.co.nz/vectors.html#attributes
20.7,Augmented vectors,2.0,http://r4ds.had.co.nz/vectors.html#augmented-vectors
20.7.1,Factors,3.0,http://r4ds.had.co.nz/vectors.html#factors-1
20.7.2,Dates and date-times,3.0,http://r4ds.had.co.nz/vectors.html#dates-and-date-times
20.7.3,Tibbles,3.0,http://r4ds.had.co.nz/vectors.html#tibbles-1
20.7.4,Exercises,3.0,http://r4ds.had.co.nz/vectors.html#exercises-54
21,Iteration,1.0,http://r4ds.had.co.nz/iteration.html
21.1,Introduction,2.0,http://r4ds.had.co.nz/iteration.html#introduction-14
21.1.1,Prerequisites,3.0,http://r4ds.had.co.nz/iteration.html#prerequisites-14
21.2,For loops,2.0,http://r4ds.had.co.nz/iteration.html#for-loops
21.2.1,Exercises,3.0,http://r4ds.had.co.nz/iteration.html#exercises-55
21.3,For loop variations,2.0,http://r4ds.had.co.nz/iteration.html#for-loop-variations
21.3.1,Modifying an existing object,3.0,http://r4ds.had.co.nz/iteration.html#modifying-an-existing-object
21.3.2,Looping patterns,3.0,http://r4ds.had.co.nz/iteration.html#looping-patterns
21.3.3,Unknown output length,3.0,http://r4ds.had.co.nz/iteration.html#unknown-output-length
21.3.4,Unknown sequence length,3.0,http://r4ds.had.co.nz/iteration.html#unknown-sequence-length
21.3.5,Exercises,3.0,http://r4ds.had.co.nz/iteration.html#exercises-56
21.4,For loops vs. functionals,2.0,http://r4ds.had.co.nz/iteration.html#for-loops-vs.functionals
21.4.1,Exercises,3.0,http://r4ds.had.co.nz/iteration.html#exercises-57
21.5,The map functions,2.0,http://r4ds.had.co.nz/iteration.html#the-map-functions
21.5.1,Shortcuts,3.0,http://r4ds.had.co.nz/iteration.html#shortcuts
21.5.2,Base R,3.0,http://r4ds.had.co.nz/iteration.html#base-r
21.5.3,Exercises,3.0,http://r4ds.had.co.nz/iteration.html#exercises-58
21.6,Dealing with failure,2.0,http://r4ds.had.co.nz/iteration.html#dealing-with-failure
21.7,Mapping over multiple arguments,2.0,http://r4ds.had.co.nz/iteration.html#mapping-over-multiple-arguments
21.7.1,Invoking different functions,3.0,http://r4ds.had.co.nz/iteration.html#invoking-different-functions
21.8,Walk,2.0,http://r4ds.had.co.nz/iteration.html#walk
21.9,Other patterns of for loops,2.0,http://r4ds.had.co.nz/iteration.html#other-patterns-of-for-loops
21.9.1,Predicate functions,3.0,http://r4ds.had.co.nz/iteration.html#predicate-functions
21.9.2,Reduce and accumulate,3.0,http://r4ds.had.co.nz/iteration.html#reduce-and-accumulate
21.9.3,Exercises,3.0,http://r4ds.had.co.nz/iteration.html#exercises-59
22,Introduction,1.0,http://r4ds.had.co.nz/model-intro.html
22.1,Hypothesis generation vs. hypothesis confirmation,2.0,http://r4ds.had.co.nz/model-intro.html#hypothesis-generation-vs.hypothesis-confirmation
23,Model basics,1.0,http://r4ds.had.co.nz/model-basics.html
23.1,Introduction,2.0,http://r4ds.had.co.nz/model-basics.html#introduction-15
23.1.1,Prerequisites,3.0,http://r4ds.had.co.nz/model-basics.html#prerequisites-15
23.2,A simple model,2.0,http://r4ds.had.co.nz/model-basics.html#a-simple-model
23.2.1,Exercises,3.0,http://r4ds.had.co.nz/model-basics.html#exercises-60
23.3,Visualising models,2.0,http://r4ds.had.co.nz/model-basics.html#visualising-models
23.3.1,Predictions,3.0,http://r4ds.had.co.nz/model-basics.html#predictions
23.3.2,Residuals,3.0,http://r4ds.had.co.nz/model-basics.html#residuals
23.3.3,Exercises,3.0,http://r4ds.had.co.nz/model-basics.html#exercises-61
23.4,Formulas and model families,2.0,http://r4ds.had.co.nz/model-basics.html#formulas-and-model-families
23.4.1,Categorical variables,3.0,http://r4ds.had.co.nz/model-basics.html#categorical-variables
23.4.2,Interactions (continuous and categorical),3.0,http://r4ds.had.co.nz/model-basics.html#interactions-continuous-and-categorical
23.4.3,Interactions (two continuous),3.0,http://r4ds.had.co.nz/model-basics.html#interactions-two-continuous
23.4.4,Transformations,3.0,http://r4ds.had.co.nz/model-basics.html#transformations
23.4.5,Exercises,3.0,http://r4ds.had.co.nz/model-basics.html#exercises-62
23.5,Missing values,2.0,http://r4ds.had.co.nz/model-basics.html#missing-values-5
23.6,Other model families,2.0,http://r4ds.had.co.nz/model-basics.html#other-model-families
24,Model building,1.0,http://r4ds.had.co.nz/model-building.html
24.1,Introduction,2.0,http://r4ds.had.co.nz/model-building.html#introduction-16
24.1.1,Prerequisites,3.0,http://r4ds.had.co.nz/model-building.html#prerequisites-16
24.2,Why are low quality diamonds more expensive?,2.0,http://r4ds.had.co.nz/model-building.html#diamond-prices
24.2.1,Price and carat,3.0,http://r4ds.had.co.nz/model-building.html#price-and-carat
24.2.2,A more complicated model,3.0,http://r4ds.had.co.nz/model-building.html#a-more-complicated-model
24.2.3,Exercises,3.0,http://r4ds.had.co.nz/model-building.html#exercises-63
24.3,What affects the number of daily flights?,2.0,http://r4ds.had.co.nz/model-building.html#what-affects-the-number-of-daily-flights
24.3.1,Day of week,3.0,http://r4ds.had.co.nz/model-building.html#day-of-week
24.3.2,Seasonal Saturday effect,3.0,http://r4ds.had.co.nz/model-building.html#seasonal-saturday-effect
24.3.3,Computed variables,3.0,http://r4ds.had.co.nz/model-building.html#computed-variables
24.3.4,Time of year: an alternative approach,3.0,http://r4ds.had.co.nz/model-building.html#time-of-year-an-alternative-approach
24.3.5,Exercises,3.0,http://r4ds.had.co.nz/model-building.html#exercises-64
24.4,Learning more about models,2.0,http://r4ds.had.co.nz/model-building.html#learning-more-about-models
25,Many models,1.0,http://r4ds.had.co.nz/many-models.html
25.1,Introduction,2.0,http://r4ds.had.co.nz/many-models.html#introduction-17
25.1.1,Prerequisites,3.0,http://r4ds.had.co.nz/many-models.html#prerequisites-17
25.2,gapminder,2.0,http://r4ds.had.co.nz/many-models.html#gapminder
25.2.1,Nested data,3.0,http://r4ds.had.co.nz/many-models.html#nested-data
25.2.2,List-columns,3.0,http://r4ds.had.co.nz/many-models.html#list-columns
25.2.3,Unnesting,3.0,http://r4ds.had.co.nz/many-models.html#unnesting
25.2.4,Model quality,3.0,http://r4ds.had.co.nz/many-models.html#model-quality
25.2.5,Exercises,3.0,http://r4ds.had.co.nz/many-models.html#exercises-65
25.3,List-columns,2.0,http://r4ds.had.co.nz/many-models.html#list-columns-1
25.4,Creating list-columns,2.0,http://r4ds.had.co.nz/many-models.html#creating-list-columns
25.4.1,With nesting,3.0,http://r4ds.had.co.nz/many-models.html#with-nesting
25.4.2,From vectorised functions,3.0,http://r4ds.had.co.nz/many-models.html#from-vectorised-functions
25.4.3,From multivalued summaries,3.0,http://r4ds.had.co.nz/many-models.html#from-multivalued-summaries
25.4.4,From a named list,3.0,http://r4ds.had.co.nz/many-models.html#from-a-named-list
25.4.5,Exercises,3.0,http://r4ds.had.co.nz/many-models.html#exercises-66
25.5,Simplifying list-columns,2.0,http://r4ds.had.co.nz/many-models.html#simplifying-list-columns
25.5.1,List to vector,3.0,http://r4ds.had.co.nz/many-models.html#list-to-vector
25.5.2,Unnesting,3.0,http://r4ds.had.co.nz/many-models.html#unnesting-1
25.5.3,Exercises,3.0,http://r4ds.had.co.nz/many-models.html#exercises-67
25.6,Making tidy data with broom,2.0,http://r4ds.had.co.nz/many-models.html#making-tidy-data-with-broom
26,Introduction,1.0,http://r4ds.had.co.nz/communicate-intro.html
27,R Markdown,1.0,http://r4ds.had.co.nz/r-markdown.html
27.1,Introduction,2.0,http://r4ds.had.co.nz/r-markdown.html#introduction-18
27.1.1,Prerequisites,3.0,http://r4ds.had.co.nz/r-markdown.html#prerequisites-18
27.2,R Markdown basics,2.0,http://r4ds.had.co.nz/r-markdown.html#r-markdown-basics
27.2.1,Exercises,3.0,http://r4ds.had.co.nz/r-markdown.html#exercises-68
27.3,Text formatting with Markdown,2.0,http://r4ds.had.co.nz/r-markdown.html#text-formatting-with-markdown
27.3.1,Exercises,3.0,http://r4ds.had.co.nz/r-markdown.html#exercises-69
27.4,Code chunks,2.0,http://r4ds.had.co.nz/r-markdown.html#code-chunks
27.4.1,Chunk name,3.0,http://r4ds.had.co.nz/r-markdown.html#chunk-name
27.4.2,Chunk options,3.0,http://r4ds.had.co.nz/r-markdown.html#chunk-options
27.4.3,Table,3.0,http://r4ds.had.co.nz/r-markdown.html#table
27.4.4,Caching,3.0,http://r4ds.had.co.nz/r-markdown.html#caching
27.4.5,Global options,3.0,http://r4ds.had.co.nz/r-markdown.html#global-options
27.4.6,Inline code,3.0,http://r4ds.had.co.nz/r-markdown.html#inline-code
27.4.7,Exercises,3.0,http://r4ds.had.co.nz/r-markdown.html#exercises-70
27.5,Troubleshooting,2.0,http://r4ds.had.co.nz/r-markdown.html#troubleshooting
27.6,YAML header,2.0,http://r4ds.had.co.nz/r-markdown.html#yaml-header
27.6.1,Parameters,3.0,http://r4ds.had.co.nz/r-markdown.html#parameters
27.6.2,Bibliographies and Citations,3.0,http://r4ds.had.co.nz/r-markdown.html#bibliographies-and-citations
27.7,Learning more,2.0,http://r4ds.had.co.nz/r-markdown.html#learning-more-2
28,Graphics for communication,1.0,http://r4ds.had.co.nz/graphics-for-communication.html
28.1,Introduction,2.0,http://r4ds.had.co.nz/graphics-for-communication.html#introduction-19
28.1.1,Prerequisites,3.0,http://r4ds.had.co.nz/graphics-for-communication.html#prerequisites-19
28.2,Label,2.0,http://r4ds.had.co.nz/graphics-for-communication.html#label
28.2.1,Exercises,3.0,http://r4ds.had.co.nz/graphics-for-communication.html#exercises-71
28.3,Annotations,2.0,http://r4ds.had.co.nz/graphics-for-communication.html#annotations
28.3.1,Exercises,3.0,http://r4ds.had.co.nz/graphics-for-communication.html#exercises-72
28.4,Scales,2.0,http://r4ds.had.co.nz/graphics-for-communication.html#scales
28.4.1,Axis ticks and legend keys,3.0,http://r4ds.had.co.nz/graphics-for-communication.html#axis-ticks-and-legend-keys
28.4.2,Legend layout,3.0,http://r4ds.had.co.nz/graphics-for-communication.html#legend-layout
28.4.3,Replacing a scale,3.0,http://r4ds.had.co.nz/graphics-for-communication.html#replacing-a-scale
28.4.4,Exercises,3.0,http://r4ds.had.co.nz/graphics-for-communication.html#exercises-73
28.5,Zooming,2.0,http://r4ds.had.co.nz/graphics-for-communication.html#zooming
28.6,Themes,2.0,http://r4ds.had.co.nz/graphics-for-communication.html#themes
28.7,Saving your plots,2.0,http://r4ds.had.co.nz/graphics-for-communication.html#saving-your-plots
28.7.1,Figure sizing,3.0,http://r4ds.had.co.nz/graphics-for-communication.html#figure-sizing
28.7.2,Other important options,3.0,http://r4ds.had.co.nz/graphics-for-communication.html#other-important-options
28.8,Learning more,2.0,http://r4ds.had.co.nz/graphics-for-communication.html#learning-more-3
29,R Markdown formats,1.0,http://r4ds.had.co.nz/r-markdown-formats.html
29.1,Introduction,2.0,http://r4ds.had.co.nz/r-markdown-formats.html#introduction-20
29.2,Output options,2.0,http://r4ds.had.co.nz/r-markdown-formats.html#output-options
29.3,Documents,2.0,http://r4ds.had.co.nz/r-markdown-formats.html#documents
29.4,Notebooks,2.0,http://r4ds.had.co.nz/r-markdown-formats.html#notebooks
29.5,Presentations,2.0,http://r4ds.had.co.nz/r-markdown-formats.html#presentations
29.6,Dashboards,2.0,http://r4ds.had.co.nz/r-markdown-formats.html#dashboards
29.7,Interactivity,2.0,http://r4ds.had.co.nz/r-markdown-formats.html#interactivity
29.7.1,htmlwidgets,3.0,http://r4ds.had.co.nz/r-markdown-formats.html#htmlwidgets
29.7.2,Shiny,3.0,http://r4ds.had.co.nz/r-markdown-formats.html#shiny
29.8,Websites,2.0,http://r4ds.had.co.nz/r-markdown-formats.html#websites
29.9,Other formats,2.0,http://r4ds.had.co.nz/r-markdown-formats.html#other-formats
29.10,Learning more,2.0,http://r4ds.had.co.nz/r-markdown-formats.html#learning-more-4
30,R Markdown workflow,1.0,http://r4ds.had.co.nz/r-markdown-workflow.html
